all,LGBT,Non-LGBT,LGBTtotal,Non-LGBTtotal,LGBT %,Non-LGBT %,Diff
All,186.0,374.0,553,5983,33.634719710669074,6.251044626441584,27.38367508422749
