ethnicity,LGBT,Non-LGBT,LGBTtotal,Non-LGBTtotal,LGBT %,Non-LGBT %,Diff
Hispanic,76.0,201.0,225,3405,33.77777777777778,5.903083700440528,27.87469407733725
White,72.0,125.0,219,1837,32.87671232876713,6.804572672836146,26.072139655930982
Mixed,24.0,28.0,69,505,34.78260869565217,5.544554455445544,29.23805424020663
Asian,6.0,9.0,16,111,37.5,8.108108108108109,29.39189189189189
Black or African American,5.0,7.0,12,50,41.666666666666664,14.0,27.666666666666664
Native Hawaiian or Pacific Islander,1.0,4.0,7,24,14.285714285714286,16.666666666666668,-2.3809523809523814
American Indian or Alaskan Native,2.0,0.0,5,51,40.0,0.0,40.0
