ethnicity,LGBT,Non-LGBT,LGBTtotal,Non-LGBTtotal,LGBT %,Non-LGBT %,Diff
Hispanic,97.0,802.0,225,3405,43.111111111111114,23.55359765051395,19.557513460597164
White,97.0,536.0,219,1837,44.29223744292238,29.178007621121395,15.114229821800983
Mixed,35.0,159.0,69,505,50.72463768115942,31.485148514851485,19.239489166307937
Asian,7.0,34.0,16,111,43.75,30.63063063063063,13.11936936936937
Black or African American,8.0,12.0,12,50,66.66666666666667,24.0,42.66666666666667
Native Hawaiian or Pacific Islander,3.0,7.0,7,24,42.857142857142854,29.166666666666668,13.690476190476186
American Indian or Alaskan Native,3.0,13.0,5,51,60.0,25.49019607843137,34.50980392156863
