all,LGBT,Non-LGBT,LGBTtotal,Non-LGBTtotal,LGBT %,Non-LGBT %,Diff
All,250.0,1563.0,553,5983,45.20795660036166,26.124018051144912,19.08393854921675
