ethnicity,LGBT,Non-LGBT,LGBTtotal,Non-LGBTtotal,LGBT %,Non-LGBT %,Diff
Hispanic,125.0,2235.0,225,3405,55.55555555555556,65.63876651982379,-10.083210964268233
White,150.0,1404.0,219,1837,68.4931506849315,76.42896026129559,-7.935809576364079
Mixed,39.0,373.0,69,505,56.52173913043478,73.86138613861387,-17.339647008179085
Asian,6.0,82.0,16,111,37.5,73.87387387387388,-36.373873873873876
Black or African American,5.0,38.0,12,50,41.666666666666664,76.0,-34.333333333333336
Native Hawaiian or Pacific Islander,4.0,15.0,7,24,57.142857142857146,62.5,-5.357142857142854
American Indian or Alaskan Native,5.0,39.0,5,51,100.0,76.47058823529412,23.529411764705884
