all,LGBT,Non-LGBT,LGBTtotal,Non-LGBTtotal,LGBT %,Non-LGBT %,Diff
All,334.0,4186.0,553,5983,60.397830018083184,69.96490055156276,-9.56707053347958
