all,LGBT,Non-LGBT,LGBTtotal,Non-LGBTtotal,LGBT %,Non-LGBT %,Diff
All,90.0,315.0,553,5983,16.2748643761302,5.264917265585827,11.009947110544374
