ethnicity,LGBT,Non-LGBT,LGBTtotal,Non-LGBTtotal,LGBT %,Non-LGBT %,Diff
Hispanic,40.0,169.0,225,3405,17.77777777777778,4.963289280469898,12.814488497307881
White,29.0,96.0,219,1837,13.242009132420092,5.22591181273816,8.016097319681933
Mixed,11.0,38.0,69,505,15.942028985507246,7.524752475247524,8.417276510259722
Asian,3.0,6.0,16,111,18.75,5.405405405405405,13.344594594594595
Black or African American,5.0,3.0,12,50,41.666666666666664,6.0,35.666666666666664
Native Hawaiian or Pacific Islander,1.0,0.0,7,24,14.285714285714286,0.0,14.285714285714286
American Indian or Alaskan Native,1.0,3.0,5,51,20.0,5.882352941176471,14.117647058823529
